,Nachname,Vornamen,Gebietsart,Gebietsnummer,Gebietsname,Gruppenname,Name,id,name
0,Abdi,Sanae,Wahlkreis,93,Köln I,SPD,Sanae Abdi,200695422.0,Sanae Abdi
1,Ahmetovic,Adis,Wahlkreis,41,Stadt Hannover I,SPD,Adis Ahmetovic,,
2,Alabali-Radovan,Reem,Wahlkreis,12,Schwerin – Ludwigslust-Parchim I – Nordwestmecklenburg I,SPD,Reem Alabali-Radovan,1.2174567776436593e+18,Reem Alabali-Radovan
3,Altenkamp,Norbert,Wahlkreis,181,Main-Taunus,CDU,Norbert Altenkamp,1.3195705769571492e+18,Norbert Altenkamp
4,Arlt,Johannes,Wahlkreis,17,Mecklenburgische Seenplatte II – Landkreis Rostock III,SPD,Johannes Arlt,1.262451438103466e+18,Johannes Arlt
5,Auernhammer,Artur,Wahlkreis,241,Ansbach,CSU,Artur Auernhammer,,
6,Aumer,Peter,Wahlkreis,233,Regensburg,CSU,Peter Aumer,,
7,Bachmann,Carolin,Wahlkreis,161,Mittelsachsen,AfD,Carolin Bachmann,,
8,Baldy,Daniel,Wahlkreis,205,Mainz,SPD,Daniel Baldy,3305672686.0,Daniel Baldy
9,Bareiß,Thomas,Wahlkreis,295,Zollernalb – Sigmaringen,CDU,Thomas Bareiß,,
10,Bartol,Sören,Wahlkreis,171,Marburg,SPD,Sören Bartol,57293969.0,Sören Bartol
11,Bas,Bärbel,Wahlkreis,115,Duisburg I,SPD,Bärbel Bas,19438957.0,Bärbel Bas
12,Bayram,Canan,Wahlkreis,83,Berlin-Friedrichshain-Kreuzberg – Prenzlauer Berg Ost,GRÜNE,Canan Bayram,587862375.0,Canan Bayram
13,Becker,Holger,Wahlkreis,191,Jena – Sömmerda – Weimarer Land I,SPD,Holger Becker,,
14,Berghahn,Jürgen,Wahlkreis,135,Lippe I,SPD,Jürgen Berghahn,,
15,Berghegger,André,Wahlkreis,38,Osnabrück-Land,CDU,André Berghegger,,
16,Bergt,Bengt,Wahlkreis,8,Segeberg – Stormarn-Mitte,SPD,Bengt Bergt,,
17,Beyer,Peter,Wahlkreis,105,Mettmann II,CDU,Peter Beyer,445375409.0,Peter Beyer
18,Biadacz,Marc,Wahlkreis,260,Böblingen,CDU,Marc Biadacz,9.358150000060539e+17,Marc Biadacz
19,Bilger,Steffen,Wahlkreis,265,Ludwigsburg,CDU,Steffen Bilger,23925041.0,Steffen Bilger
20,Blankenburg,Jakob,Wahlkreis,37,Lüchow-Dannenberg – Lüneburg,SPD,Jakob Blankenburg,88495338.0,Jakob Blankenburg
21,Bochmann,René,Wahlkreis,151,Nordsachsen,AfD,René Bochmann,,
22,Brand,Michael,Wahlkreis,174,Fulda,CDU,Michael Brand,,
23,Brandl,Reinhard,Wahlkreis,216,Ingolstadt,CSU,Reinhard Brandl,262730721.0,Reinhard Brandl
24,Brandner,Stephan,Wahlkreis,194,Gera – Greiz – Altenburger Land,AfD,Stephan Brandner,7.133613668584817e+17,Stephan Brandner
25,Brantner,Franziska,Wahlkreis,274,Heidelberg,GRÜNE,Franziska Brantner,32323724.0,Franziska Brantner
26,Breher,Silvia,Wahlkreis,32,Cloppenburg – Vechta,CDU,Silvia Breher,1.3370568105665536e+18,Silvia Breher
27,Brehm,Sebastian,Wahlkreis,244,Nürnberg-Nord,CSU,Sebastian Brehm,9.04304932257493e+17,Sebastian Brehm
28,Brehmer,Heike,Wahlkreis,68,Harz,CDU,Heike Brehmer,150372237.0,Heike Brehmer
29,Brinkhaus,Ralph,Wahlkreis,131,Gütersloh I,CDU,Ralph Brinkhaus,38001527.0,Ralph Brinkhaus
30,Brodesser,Carsten,Wahlkreis,99,Oberbergischer Kreis,CDU,Carsten Brodesser,,
31,Bröhr,Marlon,Wahlkreis,200,Mosel/Rhein-Hunsrück,CDU,Marlon Bröhr,,
32,Bury,Yannick,Wahlkreis,283,Emmendingen – Lahr,CDU,Yannick Bury,33738797.0,Yannick Bury
33,Bär,Dorothee,Wahlkreis,248,Bad Kissingen,CSU,Dorothee Bär,140821364.0,Dorothee Bär
34,Bühl,Marcus,Wahlkreis,192,Gotha – Ilm-Kreis,AfD,Marcus Bühl,,
35,Cademartori Dujisin,Isabel,Wahlkreis,275,Mannheim,SPD,Isabel Cademartori Dujisin,,
36,Chrupalla,Tino,Wahlkreis,157,Görlitz,AfD,Tino Chrupalla,7.971373338207846e+17,Tino Chrupalla
37,Connemann,Gitta,Wahlkreis,25,Unterems,CDU,Gitta Connemann,1.1257514452052623e+18,Gitta Connemann
38,Czaja,Mario,Wahlkreis,85,Berlin-Marzahn-Hellersdorf,CDU,Mario Czaja,115666099.0,Mario Czaja
39,Damerow,Astrid,Wahlkreis,2,Nordfriesland – Dithmarschen Nord,CDU,Astrid Damerow,,
40,Demir,Hakan,Wahlkreis,82,Berlin-Neukölln,SPD,Hakan Demir,2942564267.0,Hakan Demir
41,Diaby,Karamba,Wahlkreis,72,Halle,SPD,Karamba Diaby,,
42,Dieren,Jan,Wahlkreis,114,Krefeld II – Wesel II,SPD,Jan Dieren,1.3210434792298783e+18,Jan Dieren
43,Dietz,Thomas,Wahlkreis,164,Erzgebirgskreis I,AfD,Thomas Dietz,,
44,Dilcher,Esther,Wahlkreis,167,Waldeck,SPD,Esther Dilcher,,
45,Dobrindt,Alexander,Wahlkreis,226,Weilheim,CSU,Alexander Dobrindt,,
46,Donth,Michael,Wahlkreis,289,Reutlingen,CDU,Michael Donth,,
47,Droßmann,Falko,Wahlkreis,18,Hamburg-Mitte,SPD,Falko Droßmann,,
48,Durz,Hansjörg,Wahlkreis,253,Augsburg-Land,CSU,Hansjörg Durz,1662533040.0,Hansjörg Durz
49,Döring,Felix,Wahlkreis,173,Gießen,SPD,Felix Döring,,
50,Echeverria,Inaki,Wahlkreis,139,Ennepe-Ruhr-Kreis II,SPD,Inaki Echeverria,,
51,Edelhäußer,Ralph,Wahlkreis,246,Roth,CSU,Ralph Edelhäußer,,
52,Eichwede,Sonja,Wahlkreis,60,Brandenburg an der Havel – Potsdam-Mittelmark I – Havelland III – Teltow-Fläming I,SPD,Sonja Eichwede,,
53,Engelhard,Alexander,Wahlkreis,255,Neu-Ulm,CSU,Alexander Engelhard,,
54,Englhardt-Kopf,Martina,Wahlkreis,234,Schwandorf,CSU,Martina Englhardt-Kopf,1.3356768690610627e+18,Martina Englhardt-Kopf
55,Erndl,Thomas,Wahlkreis,227,Deggendorf,CSU,Thomas Erndl,2192588903.0,Thomas Erndl
56,Esdar,Wiebke,Wahlkreis,132,Bielefeld – Gütersloh II,SPD,Wiebke Esdar,,
57,Fahimi,Yasmin,Wahlkreis,42,Stadt Hannover II,SPD,Yasmin Fahimi,1.0380344313852477e+18,Yasmin Fahimi
58,Farle,Robert,Wahlkreis,74,Mansfeld,AfD,Robert Farle,2958611710.0,Robert Farle
59,Fiedler,Sebastian,Wahlkreis,118,Mülheim – Essen I,SPD,Sebastian Fiedler,417280296.0,Sebastian Fiedler
60,Franke,Edgar,Wahlkreis,170,Schwalm-Eder,SPD,Edgar Franke,,
61,Frei,Thorsten,Wahlkreis,286,Schwarzwald-Baar,CDU,Thorsten Frei,1.1815985785082143e+18,Thorsten Frei
62,Friedrich,Hans-Peter,Wahlkreis,239,Hof,CSU,Hans-Peter Friedrich,,
63,Frieser,Michael,Wahlkreis,245,Nürnberg-Süd,CSU,Michael Frieser,4577700622.0,Michael Frieser
64,Färber,Hermann,Wahlkreis,263,Göppingen,CDU,Hermann Färber,,
65,Fäscher,Ariane,Wahlkreis,58,Oberhavel – Havelland II,SPD,Ariane Fäscher,1.371580189000487e+18,Ariane Fäscher
66,Gava,Manuel,Wahlkreis,39,Stadt Osnabrück,SPD,Manuel Gava,,
67,Geissler,Jonas,Wahlkreis,238,Coburg,CSU,Jonas Geissler,3375074608.0,Jonas Geissler
68,Gelbhaar,Stefan,Wahlkreis,76,Berlin-Pankow,GRÜNE,Stefan Gelbhaar,426582569.0,Stefan Gelbhaar
69,Gerdes,Michael,Wahlkreis,125,Bottrop – Recklinghausen III,SPD,Michael Gerdes,2468956470.0,Michael Gerdes
70,Glöckner,Angelika,Wahlkreis,210,Pirmasens,SPD,Angelika Glöckner,976421048.0,Angelika Glöckner
71,Gramling,Fabian,Wahlkreis,266,Neckar-Zaber,CDU,Fabian Gramling,7.383582765601505e+17,Fabian Gramling
72,Gremmels,Timon,Wahlkreis,168,Kassel,SPD,Timon Gremmels,,
73,Grund,Manfred,Wahlkreis,189,Eichsfeld – Nordhausen – Kyffhäuserkreis,CDU,Manfred Grund,,
74,Grundmann,Oliver,Wahlkreis,30,Stade I – Rotenburg II,CDU,Oliver Grundmann,,
75,Gräßle,Ingeborg,Wahlkreis,269,Backnang – Schwäbisch Gmünd,CDU,Ingeborg Gräßle,,
76,Gröhe,Gottfried,Wahlkreis,108,Neuss I,CDU,Gottfried Gröhe,,
77,Grübel,Markus,Wahlkreis,261,Esslingen,CDU,Markus Grübel,7.966912900165837e+17,Markus Grübel
78,Grütters,Monika,Wahlkreis,77,Berlin-Reinickendorf,CDU,Monika Grütters,,
79,Gutting,Olav,Wahlkreis,278,Bruchsal – Schwetzingen,CDU,Olav Gutting,58429842.0,Olav Gutting
80,Gysi,Gregor,Wahlkreis,84,Berlin-Treptow-Köpenick,DIE LINKE,Gregor Gysi,888289790.0,Gregor Gysi
81,Haase,Christian,Wahlkreis,136,Höxter – Lippe II,CDU,Christian Haase,,
82,Habeck,Robert,Wahlkreis,1,Flensburg – Schleswig,GRÜNE,Robert Habeck,,
83,Hagedorn,Bettina,Wahlkreis,9,Ostholstein – Stormarn-Nord,SPD,Bettina Hagedorn,,
84,Hahn,Florian,Wahlkreis,221,München-Land,CSU,Florian Hahn,403735368.0,Florian Hahn
85,Hakverdi,Metin,Wahlkreis,23,Hamburg-Bergedorf – Harburg,SPD,Metin Hakverdi,1043288618.0,Metin Hakverdi
86,Hauer,Matthias,Wahlkreis,120,Essen III,CDU,Matthias Hauer,1158585210.0,Matthias Hauer
87,Heidenblut,Dirk,Wahlkreis,119,Essen II,SPD,Dirk Heidenblut,,
88,Heil,Mechthild,Wahlkreis,198,Ahrweiler,CDU,Mechthild Heil,974367631.0,Mechthild Heil
89,Heil,Wolfgang-Hubertus,Wahlkreis,45,Gifhorn – Peine,SPD,Wolfgang-Hubertus Heil,,
90,Heiligenstadt,Frauke,Wahlkreis,52,Goslar – Northeim – Osterode,SPD,Frauke Heiligenstadt,20715527.0,Frauke Heiligenstadt
91,Heilmann,Thomas,Wahlkreis,79,Berlin-Steglitz-Zehlendorf,CDU,Thomas Heilmann,,
92,Heitmann,Linda,Wahlkreis,19,Hamburg-Altona,GRÜNE,Linda Heitmann,7.960767396424909e+17,Linda Heitmann
93,Helfrich,Mark,Wahlkreis,3,Steinburg – Dithmarschen Süd,CDU,Mark Helfrich,,
94,Hennrich,Michael,Wahlkreis,262,Nürtingen,CDU,Michael Hennrich,1.1322605273784893e+18,Michael Hennrich
95,Henrichmann,Marc,Wahlkreis,127,Coesfeld – Steinfurt II,CDU,Marc Henrichmann,44608858.0,Marc Henrichmann
96,Heveling,Ansgar,Wahlkreis,110,Krefeld I – Neuss II,CDU,Ansgar Heveling,,
97,Hierl,Susanne,Wahlkreis,232,Amberg,CSU,Susanne Hierl,1.3527425622605292e+18,Susanne Hierl
98,Hilse,Karsten,Wahlkreis,156,Bautzen I,AfD,Karsten Hilse,,
99,Hitschler,Thomas,Wahlkreis,211,Südpfalz,SPD,Thomas Hitschler,292151515.0,Thomas Hitschler
100,Hoffmann,Alexander,Wahlkreis,249,Main-Spessart,CSU,Alexander Hoffmann,1.1938168435191726e+18,Alexander Hoffmann
101,Hubertz,Verena,Wahlkreis,203,Trier,SPD,Verena Hubertz,3591923477.0,Verena Hubertz
102,Irlstorfer,Erich,Wahlkreis,214,Freising,CSU,Erich Irlstorfer,,
103,Janich,Steffen,Wahlkreis,158,Sächsische Schweiz-Osterzgebirge,AfD,Steffen Janich,,
104,Jarzombek,Thomas,Wahlkreis,106,Düsseldorf I,CDU,Thomas Jarzombek,37105136.0,Thomas Jarzombek
105,Jung,Andreas,Wahlkreis,287,Konstanz,CDU,Andreas Jung,,
106,Jung,Ingmar,Wahlkreis,179,Wiesbaden,CDU,Ingmar Jung,23296367.0,Ingmar Jung
107,Junge,Frank,Wahlkreis,13,Ludwigslust-Parchim II – Nordwestmecklenburg II – Landkreis Rostock I,SPD,Frank Junge,77928749.0,Frank Junge
108,Kaczmarek,Oliver,Wahlkreis,144,Unna I,SPD,Oliver Kaczmarek,231440493.0,Oliver Kaczmarek
109,Karliczek,Anja,Wahlkreis,128,Steinfurt III,CDU,Anja Karliczek,,
110,Kassautzki,Anna,Wahlkreis,15,Vorpommern-Rügen – Vorpommern-Greifswald I,SPD,Anna Kassautzki,2776064484.0,Anna Kassautzki
111,Kaufmann,Michael,Wahlkreis,195,Saalfeld-Rudolstadt – Saale-Holzland-Kreis – Saale-Orla-Kreis,AfD,Michael Kaufmann,,
112,Keller,Rainer,Wahlkreis,113,Wesel I,SPD,Rainer Keller,,
113,Kemmer,Ronja,Wahlkreis,291,Ulm,CDU,Ronja Kemmer,2405039875.0,Ronja Kemmer
114,Kersten,Franziska,Wahlkreis,67,Börde – Jerichower Land,SPD,Franziska Kersten,,
115,Kiesewetter,Roderich,Wahlkreis,270,Aalen – Heidenheim,CDU,Roderich Kiesewetter,42698498.0,Roderich Kiesewetter
116,Kießling,Michael,Wahlkreis,224,Starnberg – Landsberg am Lech,CSU,Michael Kießling,,
117,Kippels,Georg,Wahlkreis,91,Rhein-Erft-Kreis I,CDU,Georg Kippels,,
118,Kleebank,Helmut,Wahlkreis,78,Berlin-Spandau – Charlottenburg Nord,SPD,Helmut Kleebank,4185556127.0,Helmut Kleebank
119,Klein,Volkmar,Wahlkreis,148,Siegen-Wittgenstein,CDU,Volkmar Klein,33043294.0,Volkmar Klein
120,Klein-Schmeink,Maria,Wahlkreis,129,Münster,GRÜNE,Maria Klein-Schmeink,,
121,Klinck,Kristian,Wahlkreis,6,Plön – Neumünster,SPD,Kristian Klinck,,
122,Klingbeil,Lars,Wahlkreis,35,Rotenburg I – Heidekreis,SPD,Lars Klingbeil,16255941.0,Lars Klingbeil
123,Klüssendorf,Tim,Wahlkreis,11,Lübeck,SPD,Tim Klüssendorf,19160769.0,Tim Klüssendorf
124,Knoerig,Axel,Wahlkreis,33,Diepholz – Nienburg I,CDU,Axel Knoerig,9.289748162202542e+17,Axel Knoerig
125,Koob,Markus,Wahlkreis,176,Hochtaunus,CDU,Markus Koob,2664174617.0,Markus Koob
126,Kopf,Chantal,Wahlkreis,281,Freiburg,GRÜNE,Chantal Kopf,8.200011789436273e+17,Chantal Kopf
127,Koß,Simona,Wahlkreis,59,Märkisch-Oderland – Barnim II,SPD,Simona Koß,,
128,Kreiser,Dunja,Wahlkreis,49,Salzgitter – Wolfenbüttel,SPD,Dunja Kreiser,,
129,Krichbaum,Gunther,Wahlkreis,279,Pforzheim,CDU,Gunther Krichbaum,1.161098384020824e+18,Gunther Krichbaum
130,Krings,Günter,Wahlkreis,109,Mönchengladbach,CDU,Günter Krings,392312829.0,Günter Krings
131,Krischer,Oliver,Wahlkreis,87,Aachen I,GRÜNE,Oliver Krischer,88630242.0,Oliver Krischer
132,Kröber,Martin,Wahlkreis,69,Magdeburg,SPD,Martin Kröber,,
133,König,Anne,Wahlkreis,126,Borken II,CDU,Anne König,4493363728.0,Anne König
134,Kühnert,Kevin,Wahlkreis,81,Berlin-Tempelhof-Schöneberg,SPD,Kevin Kühnert,2764750474.0,Kevin Kühnert
135,Lange,Ulrich,Wahlkreis,254,Donau-Ries,CSU,Ulrich Lange,68172699.0,Ulrich Lange
136,Larem,Andreas,Wahlkreis,186,Darmstadt,SPD,Andreas Larem,,
137,Launert,Silke,Wahlkreis,237,Bayreuth,CSU,Silke Launert,,
138,Lauterbach,Karl,Wahlkreis,101,Leverkusen – Köln IV,SPD,Karl Lauterbach,,
139,Lehmann,Jens,Wahlkreis,152,Leipzig I,CDU,Jens Lehmann,,
140,Lehmann,Sven,Wahlkreis,94,Köln II,GRÜNE,Sven Lehmann,16706236.0,Sven Lehmann
141,Lehmann,Sylvia,Wahlkreis,62,Dahme-Spreewald – Teltow-Fläming III – Oberspreewald-Lausitz I,SPD,Sylvia Lehmann,2320712427.0,Sylvia Lehmann
142,Lehrieder,Paul,Wahlkreis,251,Würzburg,CSU,Paul Lehrieder,,
143,Lenk,Barbara,Wahlkreis,155,Meißen,AfD,Barbara Lenk,,
144,Lenz,Andreas,Wahlkreis,213,Erding – Ebersberg,CSU,Andreas Lenz,3635730797.0,Andreas Lenz
145,Limbacher,Esra-Leon,Wahlkreis,299,Homburg,SPD,Esra-Leon Limbacher,,
146,Lindh,Helge,Wahlkreis,102,Wuppertal I,SPD,Helge Lindh,454981027.0,Helge Lindh
147,Lindholz,Andrea,Wahlkreis,247,Aschaffenburg,CSU,Andrea Lindholz,1446031532.0,Andrea Lindholz
148,Linnemann,Carsten,Wahlkreis,137,Paderborn – Gütersloh III,CDU,Carsten Linnemann,,
149,Loos,Bernhard,Wahlkreis,217,München-Nord,CSU,Bernhard Loos,,
150,Ludwig,Daniela,Wahlkreis,222,Rosenheim,CSU,Daniela Ludwig,1.0198466050449367e+18,Daniela Ludwig
151,Lötzsch,Gesine,Wahlkreis,86,Berlin-Lichtenberg,DIE LINKE,Gesine Lötzsch,24178198.0,Gesine Lötzsch
152,Maas,Heiko,Wahlkreis,297,Saarlouis,SPD,Heiko Maas,24158261.0,Heiko Maas
153,Machalet,Tanja,Wahlkreis,204,Montabaur,SPD,Tanja Machalet,23340320.0,Tanja Machalet
154,Mack,Klaus,Wahlkreis,280,Calw,CDU,Klaus Mack,,
155,Magwas,Yvonne,Wahlkreis,166,Vogtlandkreis,CDU,Yvonne Magwas,3852561082.0,Yvonne Magwas
156,Malottki,Erik,Wahlkreis,16,Mecklenburgische Seenplatte I – Vorpommern-Greifswald II,SPD,Erik Malottki,,
157,Martin,Dorothee,Wahlkreis,21,Hamburg-Nord,SPD,Dorothee Martin,241008237.0,Dorothee Martin
158,Mattfeldt,Andreas,Wahlkreis,34,Osterholz – Verden,CDU,Andreas Mattfeldt,23447001.0,Andreas Mattfeldt
159,Mayer,Stephan,Wahlkreis,212,Altötting,CSU,Stephan Mayer,455009234.0,Stephan Mayer
160,Mayer,Zoe,Wahlkreis,271,Karlsruhe-Stadt,GRÜNE,Zoe Mayer,1.248662696318419e+18,Zoe Mayer
161,Mayer-Lay,Volker,Wahlkreis,293,Bodensee,CDU,Volker Mayer-Lay,1.290361590429229e+18,Volker Mayer-Lay
162,Meister,Michael,Wahlkreis,188,Bergstraße,CDU,Michael Meister,,
163,Merz,Joachim-Friedrich,Wahlkreis,147,Hochsauerlandkreis,CDU,Joachim-Friedrich Merz,,
164,Metzler,Jan,Wahlkreis,206,Worms,CDU,Jan Metzler,995653004.0,Jan Metzler
165,Miersch,Matthias,Wahlkreis,47,Hannover-Land II,SPD,Matthias Miersch,,
166,Mieves,Matthias,Wahlkreis,209,Kaiserslautern,SPD,Matthias Mieves,,
167,Mittag,Susanne,Wahlkreis,28,Delmenhorst – Wesermarsch – Oldenburg-Land,SPD,Susanne Mittag,,
168,Mohrs,Falko,Wahlkreis,51,Helmstedt – Wolfsburg,SPD,Falko Mohrs,79228932.0,Falko Mohrs
169,Moll,Claudia,Wahlkreis,88,Aachen II,SPD,Claudia Moll,1.0703122291390259e+18,Claudia Moll
170,Moncsek,Mike,Wahlkreis,163,Chemnitzer Umland – Erzgebirgskreis II,AfD,Mike Moncsek,1.1043042427544945e+18,Mike Moncsek
171,Moosdorf,Matthias,Wahlkreis,165,Zwickau,AfD,Matthias Moosdorf,50578509.0,Matthias Moosdorf
172,Möller,Siemtje,Wahlkreis,26,Friesland – Wilhelmshaven – Wittmund,SPD,Siemtje Möller,1.1159402388017439e+18,Siemtje Möller
173,Mörseburg,Maximilian,Wahlkreis,259,Stuttgart II,CDU,Maximilian Mörseburg,,
174,Müller,Axel,Wahlkreis,294,Ravensburg,CDU,Axel Müller,,
175,Müller,Bettina,Wahlkreis,175,Main-Kinzig – Wetterau II – Schotten,SPD,Bettina Müller,2443895924.0,Bettina Müller
176,Müller,Detlef,Wahlkreis,162,Chemnitz,SPD,Detlef Müller,7.847600072755159e+17,Detlef Müller
177,Müller,Florian,Wahlkreis,149,Olpe – Märkischer Kreis I,CDU,Florian Müller,45370052.0,Florian Müller
178,Müller,Rainer,Wahlkreis,80,Berlin-Charlottenburg-Wilmersdorf,SPD,Rainer Müller,,
179,Müller,Sepp,Wahlkreis,70,Dessau – Wittenberg,CDU,Sepp Müller,8.018031277626696e+17,Sepp Müller
180,Müller,Stefan,Wahlkreis,242,Erlangen,CSU,Stefan Müller,17960911.0,Stefan Müller
181,Müntefering,Michelle-Jasmin,Wahlkreis,141,Herne – Bochum II,SPD,Michelle-Jasmin Müntefering,,
182,Mützenich,Rolf,Wahlkreis,95,Köln III,SPD,Rolf Mützenich,,
183,Naujok,Edgar,Wahlkreis,154,Leipzig-Land,AfD,Edgar Naujok,7.919917177172828e+17,Edgar Naujok
184,Nickholz,Brian,Wahlkreis,122,Recklinghausen II,SPD,Brian Nickholz,1970779310.0,Brian Nickholz
185,Nouripour,Omid,Wahlkreis,183,Frankfurt am Main II,GRÜNE,Omid Nouripour,16674128.0,Omid Nouripour
186,Oehl,Jan,Wahlkreis,180,Hanau,SPD,Jan Oehl,,
187,Oellers,Wilfried,Wahlkreis,89,Heinsberg,CDU,Wilfried Oellers,906847944.0,Wilfried Oellers
188,Oppelt,Moritz,Wahlkreis,277,Rhein-Neckar,CDU,Moritz Oppelt,1.042344502776791e+18,Moritz Oppelt
189,Ortleb,Josephine,Wahlkreis,296,Saarbrücken,SPD,Josephine Ortleb,,
190,Oster,Josef,Wahlkreis,199,Koblenz,CDU,Josef Oster,28089973.0,Josef Oster
191,Otte,Henning,Wahlkreis,44,Celle – Uelzen,CDU,Henning Otte,1.4163887092646339e+18,Henning Otte
192,Oßner,Florian,Wahlkreis,228,Landshut,CSU,Florian Oßner,1294532364.0,Florian Oßner
193,Pantazis,Christos,Wahlkreis,50,Braunschweig,SPD,Christos Pantazis,,
194,Papenbrock,Wiebke,Wahlkreis,56,Prignitz – Ostprignitz-Ruppin – Havelland I,SPD,Wiebke Papenbrock,,
195,Papendieck,Mathias,Wahlkreis,63,Frankfurt (Oder) – Oder-Spree,SPD,Mathias Papendieck,1673859822.0,Mathias Papendieck
196,Pawlik,Natalie,Wahlkreis,177,Wetterau I,SPD,Natalie Pawlik,,
197,Peick,Jens,Wahlkreis,142,Dortmund I,SPD,Jens Peick,1.3486122902502072e+18,Jens Peick
198,Pellmann,Sören,Wahlkreis,153,Leipzig II,DIE LINKE,Sören Pellmann,74837812.0,Sören Pellmann
199,Petry,Christian,Wahlkreis,298,St. Wendel,SPD,Christian Petry,64159881.0,Christian Petry
200,Philippi,Andreas,Wahlkreis,53,Göttingen,SPD,Andreas Philippi,,
201,Pilsinger,Stephan,Wahlkreis,220,München-West/Mitte,CSU,Stephan Pilsinger,,
202,Plum,Martin,Wahlkreis,111,Viersen,CDU,Martin Plum,,
203,Poschmann,Sabine,Wahlkreis,143,Dortmund II,SPD,Sabine Poschmann,,
204,Post,Achim,Wahlkreis,134,Minden-Lübbecke I,SPD,Achim Post,1117749912.0,Achim Post
205,Rachel,Thomas,Wahlkreis,90,Düren,CDU,Thomas Rachel,1.0525241727173755e+18,Thomas Rachel
206,Radwan,Alexander,Wahlkreis,223,Bad Tölz-Wolfratshausen – Miesbach,CSU,Alexander Radwan,2831760211.0,Alexander Radwan
207,Rainer,Alois,Wahlkreis,231,Straubing,CSU,Alois Rainer,1.3104917806185554e+18,Alois Rainer
208,Ramsauer,Peter,Wahlkreis,225,Traunstein,CSU,Peter Ramsauer,,
209,Rehbaum,Henning,Wahlkreis,130,Warendorf,CDU,Henning Rehbaum,1.3385676117816238e+18,Henning Rehbaum
210,Reichel,Markus,Wahlkreis,159,Dresden I,CDU,Markus Reichel,,
211,Rief,Josef,Wahlkreis,292,Biberach,CDU,Josef Rief,,
212,Rimkus,Andreas,Wahlkreis,107,Düsseldorf II,SPD,Andreas Rimkus,30838821.0,Andreas Rimkus
213,Rix,Sönke,Wahlkreis,4,Rendsburg-Eckernförde,SPD,Sönke Rix,36327895.0,Sönke Rix
214,Rohde,Dennis,Wahlkreis,27,Oldenburg – Ammerland,SPD,Dennis Rohde,18160122.0,Dennis Rohde
215,Rohwer,Lars,Wahlkreis,160,Dresden II – Bautzen II,CDU,Lars Rohwer,,
216,Roth,Michael,Wahlkreis,169,Werra-Meißner – Hersfeld-Rotenburg,SPD,Michael Roth,1114675538.0,Michael Roth
217,Rouenhoff,Stefan,Wahlkreis,112,Kleve,CDU,Stefan Rouenhoff,963904327.0,Stefan Rouenhoff
218,Rupprecht,Albert,Wahlkreis,235,Weiden,CSU,Albert Rupprecht,,
219,Ryglewski,Sarah,Wahlkreis,54,Bremen I,SPD,Sarah Ryglewski,4858227178.0,Sarah Ryglewski
220,Röttgen,Norbert,Wahlkreis,98,Rhein-Sieg-Kreis II,CDU,Norbert Röttgen,1.0401607992081613e+18,Norbert Röttgen
221,Rüddel,Erwin,Wahlkreis,197,Neuwied,CDU,Erwin Rüddel,33071479.0,Erwin Rüddel
222,Saathoff,Johann,Wahlkreis,24,Aurich – Emden,SPD,Johann Saathoff,159217491.0,Johann Saathoff
223,Schamber,Rebecca,Wahlkreis,43,Hannover-Land I,SPD,Rebecca Schamber,,
224,Scheer,Nina,Wahlkreis,10,Herzogtum Lauenburg – Stormarn-Süd,SPD,Nina Scheer,8.45213960060244e+17,Nina Scheer
225,Scheuer,Andreas,Wahlkreis,229,Passau,CSU,Andreas Scheuer,50315139.0,Andreas Scheuer
226,Schisanowski,Timo,Wahlkreis,138,Hagen – Ennepe-Ruhr-Kreis I,SPD,Timo Schisanowski,,
227,Schmidt,Dagmar,Wahlkreis,172,Lahn-Dill,SPD,Dagmar Schmidt,95905207.0,Dagmar Schmidt
228,Schmidt,Uwe,Wahlkreis,55,Bremen II – Bremerhaven,SPD,Uwe Schmidt,,
229,Schneider,Carsten,Wahlkreis,193,Erfurt – Weimar – Weimarer Land II,SPD,Carsten Schneider,96783215.0,Carsten Schneider
230,Schneider,Daniel,Wahlkreis,29,Cuxhaven – Stade II,SPD,Daniel Schneider,1.3919801519872164e+18,Daniel Schneider
231,Schnieder,Patrick,Wahlkreis,202,Bitburg,CDU,Patrick Schnieder,368334555.0,Patrick Schnieder
232,Scholz,Olaf,Wahlkreis,61,Potsdam – Potsdam-Mittelmark II – Teltow-Fläming II,SPD,Olaf Scholz,38150247.0,Olaf Scholz
233,Schraps,Johannes,Wahlkreis,46,Hameln-Pyrmont – Holzminden,SPD,Johannes Schraps,1356753444.0,Johannes Schraps
234,Schreider,Christian,Wahlkreis,207,Ludwigshafen/Frankenthal,SPD,Christian Schreider,,
235,Schreiner,Felix,Wahlkreis,288,Waldshut,CDU,Felix Schreiner,162398888.0,Felix Schreiner
236,Schwabe,Frank,Wahlkreis,121,Recklinghausen I,SPD,Frank Schwabe,,
237,Schwartze,Stefan,Wahlkreis,133,Herford – Minden-Lübbecke II,SPD,Stefan Schwartze,1117526742.0,Stefan Schwartze
238,Schäfer,Axel,Wahlkreis,140,Bochum I,SPD,Axel Schäfer,,
239,Schäfer,Ingo,Wahlkreis,103,Solingen – Remscheid – Wuppertal II,SPD,Ingo Schäfer,1.3801078990920172e+18,Ingo Schäfer
240,Schäfer,Jamila,Wahlkreis,219,München-Süd,GRÜNE,Jamila Schäfer,,
241,Schäuble,Wolfgang,Wahlkreis,284,Offenburg,CDU,Wolfgang Schäuble,,
242,Seif,Detlef,Wahlkreis,92,Euskirchen – Rhein-Erft-Kreis II,CDU,Detlef Seif,,
243,Silberhorn,Thomas,Wahlkreis,236,Bamberg,CSU,Thomas Silberhorn,9.514892753124434e+17,Thomas Silberhorn
244,Simon,Björn,Wahlkreis,185,Offenbach,CDU,Björn Simon,93845554.0,Björn Simon
245,Spahn,Jens,Wahlkreis,124,Steinfurt I – Borken I,CDU,Jens Spahn,299650387.0,Jens Spahn
246,Stadler,Svenja,Wahlkreis,36,Harburg,SPD,Svenja Stadler,,
247,Staffler,Katrin,Wahlkreis,215,Fürstenfeldbruck,CSU,Katrin Staffler,8.250199120830382e+17,Katrin Staffler
248,Steffen,Till,Wahlkreis,20,Hamburg-Eimsbüttel,GRÜNE,Till Steffen,1125962791.0,Till Steffen
249,Stefinger,Wolfgang,Wahlkreis,218,München-Ost,CSU,Wolfgang Stefinger,4866955749.0,Wolfgang Stefinger
250,Stegemann,Albert,Wahlkreis,31,Mittelems,CDU,Albert Stegemann,1.1279612484931297e+18,Albert Stegemann
251,Stegner,Ralf,Wahlkreis,7,Pinneberg,SPD,Ralf Stegner,16808099.0,Ralf Stegner
252,Stein,Jens,Wahlkreis,5,Kiel,SPD,Jens Stein,,
253,Steiniger,Johannes,Wahlkreis,208,Neustadt – Speyer,CDU,Johannes Steiniger,83474160.0,Johannes Steiniger
254,Steinmüller,Hanna,Wahlkreis,75,Berlin-Mitte,GRÜNE,Hanna Steinmüller,1.0917422955720008e+18,Hanna Steinmüller
255,Stetten,Christian,Wahlkreis,268,Schwäbisch Hall – Hohenlohe,CDU,Christian Stetten,,
256,Stier,Dieter,Wahlkreis,73,Burgenland – Saalekreis,CDU,Dieter Stier,,
257,Stracke,Stephan,Wahlkreis,257,Ostallgäu,CSU,Stephan Stracke,,
258,Straubinger,Max,Wahlkreis,230,Rottal-Inn,CSU,Max Straubinger,,
259,Stumpp,Christina,Wahlkreis,264,Waiblingen,CDU,Christina Stumpp,,
260,Stöber,Klaus,Wahlkreis,190,Eisenach – Wartburgkreis – Unstrut-Hainich-Kreis,AfD,Klaus Stöber,,
261,Stöcker,Diana,Wahlkreis,282,Lörrach – Müllheim,CDU,Diana Stöcker,,
262,Tebroke,Hermann-Josef,Wahlkreis,100,Rheinisch-Bergischer Kreis,CDU,Hermann-Josef Tebroke,,
263,Thews,Michael,Wahlkreis,145,Hamm – Unna II,SPD,Michael Thews,,
264,Thies,Hans-Jürgen,Wahlkreis,146,Soest,CDU,Hans-Jürgen Thies,,
265,Throm,Alexander,Wahlkreis,267,Heilbronn,CDU,Alexander Throm,8.29056811974144e+17,Alexander Throm
266,Töns,Markus,Wahlkreis,123,Gelsenkirchen,SPD,Markus Töns,3522875063.0,Markus Töns
267,Uhlig,Katrin,Wahlkreis,96,Bonn,GRÜNE,Katrin Uhlig,1.3464627346621932e+18,Katrin Uhlig
268,Ullrich,Frank,Wahlkreis,196,Suhl – Schmalkalden-Meiningen – Hildburghausen – Sonneberg,SPD,Frank Ullrich,,
269,Ullrich,Volker,Wahlkreis,252,Augsburg-Stadt,CSU,Volker Ullrich,28446356.0,Volker Ullrich
270,Völlers,Marja-Liisa,Wahlkreis,40,Nienburg II – Schaumburg,SPD,Marja-Liisa Völlers,1.0094577915542815e+18,Marja-Liisa Völlers
271,Vöpel,Dirk,Wahlkreis,117,Oberhausen – Wesel III,SPD,Dirk Vöpel,,
272,Wallstein,Maja,Wahlkreis,64,Cottbus – Spree-Neiße,SPD,Maja Wallstein,2423392771.0,Maja Wallstein
273,Walter,Hannes,Wahlkreis,65,Elbe-Elster – Oberspreewald-Lausitz II,SPD,Hannes Walter,,
274,Warken,Nina,Wahlkreis,276,Odenwald – Tauber,CDU,Nina Warken,65413134.0,Nina Warken
275,Wegling,Melanie,Wahlkreis,184,Groß-Gerau,SPD,Melanie Wegling,,
276,Weingarten,Joe,Wahlkreis,201,Kreuznach,SPD,Joe Weingarten,,
277,Weisgerber,Anja,Wahlkreis,250,Schweinfurt,CSU,Anja Weisgerber,133770069.0,Anja Weisgerber
278,Weiss,Maria-Lena,Wahlkreis,285,Rottweil – Tuttlingen,CDU,Maria-Lena Weiss,,
279,Westphal,Bernd,Wahlkreis,48,Hildesheim,SPD,Bernd Westphal,1.0716654231402496e+18,Bernd Westphal
280,Whittaker,Kai,Wahlkreis,273,Rastatt,CDU,Kai Whittaker,2479436480.0,Kai Whittaker
281,Widmann-Mauz,Annette,Wahlkreis,290,Tübingen,CDU,Annette Widmann-Mauz,,
282,Wiener,Klaus,Wahlkreis,104,Mettmann I,CDU,Klaus Wiener,8.622476395843174e+17,Klaus Wiener
283,Willsch,Klaus-Peter,Wahlkreis,178,Rheingau-Taunus – Limburg,CDU,Klaus-Peter Willsch,,
284,Winkelmeier-Becker,Elisabeth,Wahlkreis,97,Rhein-Sieg-Kreis I,CDU,Elisabeth Winkelmeier-Becker,1.3860757297801626e+18,Elisabeth Winkelmeier-Becker
285,Winkler,Tobias,Wahlkreis,243,Fürth,CSU,Tobias Winkler,2811445750.0,Tobias Winkler
286,Wittmann,Mechthilde,Wahlkreis,256,Oberallgäu,CSU,Mechthilde Wittmann,,
287,Wollmann,Herbert,Wahlkreis,66,Altmark,SPD,Herbert Wollmann,,
288,Zeulner,Emmi,Wahlkreis,240,Kulmbach,CSU,Emmi Zeulner,,
289,Ziegler,Kay-Uwe,Wahlkreis,71,Anhalt,AfD,Kay-Uwe Ziegler,8.467704874809958e+17,Kay-Uwe Ziegler
290,Ziemiak,Paul,Wahlkreis,150,Märkischer Kreis II,CDU,Paul Ziemiak,288696645.0,Paul Ziemiak
291,Zierke,Stefan,Wahlkreis,57,Uckermark – Barnim I,SPD,Stefan Zierke,64220313.0,Stefan Zierke
292,Zimmermann,Jens,Wahlkreis,187,Odenwald,SPD,Jens Zimmermann,449619355.0,Jens Zimmermann
293,Zippelius,Nicolas,Wahlkreis,272,Karlsruhe-Land,CDU,Nicolas Zippelius,1560104953.0,Nicolas Zippelius
294,Zorn,Armand,Wahlkreis,182,Frankfurt am Main I,SPD,Armand Zorn,1.3131873763789087e+18,Armand Zorn
295,Zschau,Katrin,Wahlkreis,14,Rostock – Landkreis Rostock II,SPD,Katrin Zschau,,
296,Özdemir,Cem,Wahlkreis,258,Stuttgart I,GRÜNE,Cem Özdemir,19108766.0,Cem Özdemir
297,Özdemir,Mahmut,Wahlkreis,116,Duisburg II,SPD,Mahmut Özdemir,1399764944.0,Mahmut Özdemir
298,Özoğuz,Saliha,Wahlkreis,22,Hamburg-Wandsbek,SPD,Saliha Özoğuz,,
